{
  "configVersion": 1,
  "timestamp": 1678269488354,
  "index": "/fa/index.html",
  "assetGroups": [
    {
      "name": "app",
      "installMode": "prefetch",
      "updateMode": "prefetch",
      "cacheQueryOptions": {
        "ignoreVary": true
      },
      "urls": [
        "/fa/favicon.ico",
        "/fa/index.html",
        "/fa/main.2769770a68d09484.js",
        "/fa/manifest.webmanifest",
        "/fa/polyfills.999bcb3aa943fad8.js",
        "/fa/runtime.748f577fe8def9a7.js",
        "/fa/scripts.9e227add0c5fd2ba.js",
        "/fa/styles.ba20c79aefdd15e2.css"
      ],
      "patterns": []
    },
    {
      "name": "assets",
      "installMode": "lazy",
      "updateMode": "prefetch",
      "cacheQueryOptions": {
        "ignoreVary": true
      },
      "urls": [
        "/fa/assets/fonts/bold/iran-sans-bold.eot",
        "/fa/assets/fonts/bold/iran-sans-bold.ttf",
        "/fa/assets/fonts/bold/iran-sans-bold.woff",
        "/fa/assets/fonts/bold/iran-sans-bold.woff2",
        "/fa/assets/fonts/light/iran-sans-light.eot",
        "/fa/assets/fonts/light/iran-sans-light.ttf",
        "/fa/assets/fonts/light/iran-sans-light.woff",
        "/fa/assets/fonts/light/iran-sans-light.woff2",
        "/fa/assets/fonts/medium/iran-sans-medium.eot",
        "/fa/assets/fonts/medium/iran-sans-medium.ttf",
        "/fa/assets/fonts/medium/iran-sans-medium.woff",
        "/fa/assets/fonts/medium/iran-sans-medium.woff2",
        "/fa/assets/fonts/normal/iran-sans-normal.eot",
        "/fa/assets/fonts/normal/iran-sans-normal.ttf",
        "/fa/assets/fonts/normal/iran-sans-normal.woff",
        "/fa/assets/fonts/normal/iran-sans-normal.woff2",
        "/fa/assets/fonts/ultra-light/iran-sans-ultra-light.eot",
        "/fa/assets/fonts/ultra-light/iran-sans-ultra-light.ttf",
        "/fa/assets/fonts/ultra-light/iran-sans-ultra-light.woff",
        "/fa/assets/fonts/ultra-light/iran-sans-ultra-light.woff2",
        "/fa/assets/icons/icon-128x128.png",
        "/fa/assets/icons/icon-144x144.png",
        "/fa/assets/icons/icon-152x152.png",
        "/fa/assets/icons/icon-192x192.png",
        "/fa/assets/icons/icon-384x384.png",
        "/fa/assets/icons/icon-512x512.png",
        "/fa/assets/icons/icon-72x72.png",
        "/fa/assets/icons/icon-96x96.png",
        "/fa/assets/images/logo.png",
        "/fa/assets/images/no-image.jpeg",
        "/fa/bootstrap-icons.35e09da2aecdd969.woff2",
        "/fa/bootstrap-icons.cb4c7c05f3292543.woff",
        "/fa/iran-sans-bold.9c4b731f9f5ff2d9.woff2",
        "/fa/iran-sans-bold.c8a953cc4a0d0f8f.woff",
        "/fa/iran-sans-bold.f8ffb6d0b456d338.ttf",
        "/fa/iran-sans-light.acd62c039f1cd86f.woff2",
        "/fa/iran-sans-light.c4e26d19bd1c8f18.woff",
        "/fa/iran-sans-light.edcd3f73496f62a4.ttf",
        "/fa/iran-sans-medium.114fdbd1a5b5b844.woff",
        "/fa/iran-sans-medium.1963a3b73262eed0.woff2",
        "/fa/iran-sans-medium.4f4fc82158a8727f.ttf",
        "/fa/iran-sans-normal.0bc1799bdaa75fda.ttf",
        "/fa/iran-sans-normal.27ca1de59f9d4b20.woff",
        "/fa/iran-sans-normal.2a8473e2f6ec8166.woff2",
        "/fa/iran-sans-ultra-light.0c5929a2cebaedf8.ttf",
        "/fa/iran-sans-ultra-light.6d363d184e5ca3e9.woff",
        "/fa/iran-sans-ultra-light.8dd2f01d4d232698.woff2"
      ],
      "patterns": []
    }
  ],
  "dataGroups": [],
  "hashTable": {
    "/fa/assets/fonts/bold/iran-sans-bold.eot": "d07167ced88cba01f5177412c40e82eb462c43f6",
    "/fa/assets/fonts/bold/iran-sans-bold.ttf": "6a0639be685fe35f806f91011b201490cb0ea725",
    "/fa/assets/fonts/bold/iran-sans-bold.woff": "e896a081b6057e8d541ed8ac438febcacfc6ecde",
    "/fa/assets/fonts/bold/iran-sans-bold.woff2": "31a248ea68e0ce32e2cea8eaa9ea58b4f718de4c",
    "/fa/assets/fonts/light/iran-sans-light.eot": "0fe67c93dd0cf78aef0ed36fe7535ec361b56bd4",
    "/fa/assets/fonts/light/iran-sans-light.ttf": "bd55cbc2b572471682e2ff717093d32825b71cef",
    "/fa/assets/fonts/light/iran-sans-light.woff": "895b7f25d91a9bd1386a6f37a6663ae54b80b69f",
    "/fa/assets/fonts/light/iran-sans-light.woff2": "7ac5fcde08d451c2315f9d64a698d62bdf8df490",
    "/fa/assets/fonts/medium/iran-sans-medium.eot": "927a25b46b3f9040dcfec301430db1b50de34e5c",
    "/fa/assets/fonts/medium/iran-sans-medium.ttf": "29dcb86c68aa070d9be2eab007ca6c39f6981406",
    "/fa/assets/fonts/medium/iran-sans-medium.woff": "158948a6523a622ea7a939654ebbb71b9ffd1890",
    "/fa/assets/fonts/medium/iran-sans-medium.woff2": "d67f4db38cd22a5088b84c08e0bfd682bd6fa8b0",
    "/fa/assets/fonts/normal/iran-sans-normal.eot": "914ad6c09c8d32284b6179d91ed345f3b70ab77b",
    "/fa/assets/fonts/normal/iran-sans-normal.ttf": "e43a21af5930685c2f02975adbebc0eef0991fed",
    "/fa/assets/fonts/normal/iran-sans-normal.woff": "cdbca4be6155de8f469c809742068425af4adb35",
    "/fa/assets/fonts/normal/iran-sans-normal.woff2": "10b1ca42da19226e7c8718c724209545cb95b99d",
    "/fa/assets/fonts/ultra-light/iran-sans-ultra-light.eot": "be5c836f69c7375eb2f6a01e8d8945a831dba3ee",
    "/fa/assets/fonts/ultra-light/iran-sans-ultra-light.ttf": "54d12c41002aa1b53dae1056b4de913e2d1601b1",
    "/fa/assets/fonts/ultra-light/iran-sans-ultra-light.woff": "109fa12ea0c34742bb02d559e537f418a3f97cc5",
    "/fa/assets/fonts/ultra-light/iran-sans-ultra-light.woff2": "3e5c99d7d0b4c7c6cda18707a361a06232acd5ff",
    "/fa/assets/icons/icon-128x128.png": "dae3b6ed49bdaf4327b92531d4b5b4a5d30c7532",
    "/fa/assets/icons/icon-144x144.png": "b0bd89982e08f9bd2b642928f5391915b74799a7",
    "/fa/assets/icons/icon-152x152.png": "7479a9477815dfd9668d60f8b3b2fba709b91310",
    "/fa/assets/icons/icon-192x192.png": "1abd80d431a237a853ce38147d8c63752f10933b",
    "/fa/assets/icons/icon-384x384.png": "329749cd6393768d3131ed6304c136b1ca05f2fd",
    "/fa/assets/icons/icon-512x512.png": "559d9c4318b45a1f2b10596bbb4c960fe521dbcc",
    "/fa/assets/icons/icon-72x72.png": "c457e56089a36952cd67156f9996bc4ce54a5ed9",
    "/fa/assets/icons/icon-96x96.png": "3914125a4b445bf111c5627875fc190f560daa41",
    "/fa/assets/images/logo.png": "2dca6af1a3251a19d0e5ab6a2c051d6eb157ca1b",
    "/fa/assets/images/no-image.jpeg": "a799e83ccde2ca87ebb0ed5cdac4cc2968e01b8c",
    "/fa/bootstrap-icons.35e09da2aecdd969.woff2": "17dad0776899ad1beadabd061c34e2a22b2cde74",
    "/fa/bootstrap-icons.cb4c7c05f3292543.woff": "75919c717ce5c5bc716bc51705c0cd0b60f4bffc",
    "/fa/favicon.ico": "22f6a4a3bcaafafb0254e0f2fa4ceb89e505e8b2",
    "/fa/index.html": "c7ed2313fb16ff502c304a1d744b2ca4038972f9",
    "/fa/iran-sans-bold.9c4b731f9f5ff2d9.woff2": "31a248ea68e0ce32e2cea8eaa9ea58b4f718de4c",
    "/fa/iran-sans-bold.c8a953cc4a0d0f8f.woff": "e896a081b6057e8d541ed8ac438febcacfc6ecde",
    "/fa/iran-sans-bold.f8ffb6d0b456d338.ttf": "6a0639be685fe35f806f91011b201490cb0ea725",
    "/fa/iran-sans-light.acd62c039f1cd86f.woff2": "7ac5fcde08d451c2315f9d64a698d62bdf8df490",
    "/fa/iran-sans-light.c4e26d19bd1c8f18.woff": "895b7f25d91a9bd1386a6f37a6663ae54b80b69f",
    "/fa/iran-sans-light.edcd3f73496f62a4.ttf": "bd55cbc2b572471682e2ff717093d32825b71cef",
    "/fa/iran-sans-medium.114fdbd1a5b5b844.woff": "158948a6523a622ea7a939654ebbb71b9ffd1890",
    "/fa/iran-sans-medium.1963a3b73262eed0.woff2": "d67f4db38cd22a5088b84c08e0bfd682bd6fa8b0",
    "/fa/iran-sans-medium.4f4fc82158a8727f.ttf": "29dcb86c68aa070d9be2eab007ca6c39f6981406",
    "/fa/iran-sans-normal.0bc1799bdaa75fda.ttf": "e43a21af5930685c2f02975adbebc0eef0991fed",
    "/fa/iran-sans-normal.27ca1de59f9d4b20.woff": "cdbca4be6155de8f469c809742068425af4adb35",
    "/fa/iran-sans-normal.2a8473e2f6ec8166.woff2": "10b1ca42da19226e7c8718c724209545cb95b99d",
    "/fa/iran-sans-ultra-light.0c5929a2cebaedf8.ttf": "54d12c41002aa1b53dae1056b4de913e2d1601b1",
    "/fa/iran-sans-ultra-light.6d363d184e5ca3e9.woff": "109fa12ea0c34742bb02d559e537f418a3f97cc5",
    "/fa/iran-sans-ultra-light.8dd2f01d4d232698.woff2": "3e5c99d7d0b4c7c6cda18707a361a06232acd5ff",
    "/fa/main.2769770a68d09484.js": "e72e9dfc9e7e7b59069f7441ef3bb3af28f24c71",
    "/fa/manifest.webmanifest": "d00bf1de96307d1fd244af3c7ceff10b090f34e3",
    "/fa/polyfills.999bcb3aa943fad8.js": "d1e7f7b3b64650cf3d87a7b1d56c1808fda29766",
    "/fa/runtime.748f577fe8def9a7.js": "8cdac16777f9444182e5b0ef92f2cdedf399143c",
    "/fa/scripts.9e227add0c5fd2ba.js": "ebc55fe6c2df9a08ddaba8abd869b62f03d8e1c6",
    "/fa/styles.ba20c79aefdd15e2.css": "315647addeece762bfdafcdbf1a828f423c9e94d"
  },
  "navigationUrls": [
    {
      "positive": true,
      "regex": "^\\/.*$"
    },
    {
      "positive": false,
      "regex": "^\\/(?:.+\\/)?[^/]*\\.[^/]*$"
    },
    {
      "positive": false,
      "regex": "^\\/(?:.+\\/)?[^/]*__[^/]*$"
    },
    {
      "positive": false,
      "regex": "^\\/(?:.+\\/)?[^/]*__[^/]*\\/.*$"
    }
  ],
  "navigationRequestStrategy": "performance"
}